Col, 1, 2, 3, 4, 5, 6, 7, 8, 9, 10
0,411028006108000,400000006008000,0,0,0
1,77f5eefffffffff7,77f5eeffcffffff7,0,0,0
2,40000000400600,40000000400600,0,0,0
3,f5bf55fffbffffff,f7bf55fffbffffff,0,0,0
4,411028006108000,400000006008000,0,0,0
5,400060004300820,40060004300020,0,0,0
6,d7c5b7fff6ffffff,97c5b7fff6ffffff,0,0,0
7,ffbed7ffffffffba,ffbe57fffdffffba,0,0,0
8,410008002008000,400000002008000,0,0,0
9,77f5eeffefffffd7,f7d5feffcffffff7,0,0,0
10,40000000400600,40000000000600,0,0,0
11,f7bf55fffbffffff,f7bf55fffbffffff,0,0,0
12,410008002008000,400000002008000,0,0,0
13,c00060000300000,400000000300000,0,0,0
14,97c5b7effefdffff,978597eef6fdffff,0,0,0
15,f7bf57ffffffffbb,f7be57fbfdffffbb,0,0,0
16,400008006008000,400000000008000,0,0,0
17,77f5eeffeffffff7,77f5feffefffffd7,0,0,0
18,40000000000200,40000000000600,0,0,0
19,f7bf55fffbffffff,f5bc15bf79fffeff,0,0,0
20,400008006008000,400000000008000,0,0,0
21,400060000300020,100000,0,0,0
22,d785b7fff6fdffff,d785b76ef2fdffff,0,0,0
23,f7be57ffffffffbb,f7ba57dbfdffffbb,0,0,0
24,410008002008000,400008002008000,0,0,0
25,77f5eeffcffffff7,77f5eeffcffffff7,0,0,0
26,40020000401600,40000000400200,0,0,0
27,f7bf55fffbffffff,f7bc55fffbffffff,0,0,0
28,410008002008000,400008002008000,0,0,0
29,c40020024300800,300000,0,0,0
30,97c5b7fffeffffff,97c5b7eff6ffffff,0,0,0
31,f7bf57fbffffffbb,f7be57dffbffffbb,0,0,0
32,2008000,2008000,0,0,0
33,77f5eeffcffffff7,77f5eeffeffffff7,0,0,0
34,40000000000200,40000000400600,0,0,0
35,f7bf55fffbffffff,f7bf55fffbffffff,0,0,0
36,2008000,2008000,0,0,0
37,400020004300000,400020000300000,0,0,0
38,d7c5b7fff6fdffff,d7c5b7eff6ffffff,0,0,0
39,f7bf57fffff7ffbb,f7bf57fbfbffffbb,0,0,0
40,0,0,0,0,0
41,ffffffffffffffff,fff5ffffffffffff,0,0,0
42,40000000c00600,40000000000200,0,0,0
43,f7bf55fffbffffff,f7bf55fffbffffff,0,0,0
44,0,0,0,0,0
45,440060004300800,400000000300000,0,0,0
46,d7c5b7fffeffffff,97c5b7fff2ffffff,0,0,0
47,f7bf57ffffffffbb,f7be57fbfdffffbb,0,0,0
48,2008000,8000,0,0,0
49,77f5eeffcfffffd7,77f5eeffcffffff7,0,0,0
50,40000000c01201,40000000400200,0,0,0
51,f7bf55fffbffffff,f7bf55fffbffffff,0,0,0
52,2008000,8000,0,0,0
53,c40060004300800,20000300000,0,0,0
54,d7c5b7effeffffff,97c5b7eef6fdffff,0,0,0
55,f7bf57ffffffffbf,f7be57fffdffffbb,0,0,0
56,400008002008000,2008000,0,0,0
57,77f5eeffcfffffd7,77d5eeffcfffffd7,0,0,0
58,40000000401200,40000000400200,0,0,0
59,f7bf55fffbffffff,f7bd55fffbffffff,0,0,0
60,400008002008000,2008000,0,0,0
61,20000300000,20000300000,0,0,0
62,97c5b7fffefdffff,97c5b7eff6fcffff,0,0,0
63,f7bf57dfffffffbb,f7be57dbfdffffbb,0,0,0
64,41102c926188088,410000002008080,0,0,0
65,37d5e2ffcfffffd7,27d5feffcfffffd7,0,0,0
66,40000000400600,40000000000600,0,0,0
67,f7bf55fffbffffff,f7ac11bb79fffeff,0,0,0
68,41102c926188088,410000002008080,0,0,0
69,400020000300800,0,0,0,0
70,dfc5b7eff6fdffff,d7c5372cf6ffffff,0,0,0
71,f7be57ffffbfffbb,f73a57dbf9b7bfbb,0,0,0
72,ffffffffffffdfff,fefffffff7ffdffd,0,0,0
73,2000003143bf9897,803141bf9884,0,0,0
74,40000000400600,40000000401600,0,0,0
75,f7bf55fffbffffff,f7bf55fffbffffff,0,0,0
76,ffffffffffffdfff,fefffffff7ffdffd,0,0,0
77,440060004300820,400040000100800,0,0,0
78,9fc5b7fff6ffffff,97c5b7fff6ffffff,0,0,0
79,f7bf57ffffffffbf,f7ba57fbffffffbb,0,0,0
80,3c31eef9b67c9cac,3c31eaf9b67c9ca8,0,0,0
81,77f5eeffeffffff7,77f5eeffcffffff7,0,0,0
82,40020000401600,40000000401200,0,0,0
83,f7bf55fffbffffff,f7bd55fffbffffff,0,0,0
84,3c31eef9b67c9cac,3c31eaf9b67c9ca8,0,0,0
85,c00060000300820,400060000300000,0,0,0
86,d7c5b7fffeffffff,97c5b7fff2fdffff,0,0,0
87,f7be57fbffffffbb,f7be57fbffffffbb,0,0,0
88,41102c9065c8088,411028906508000,0,0,0
89,77d5eeffcffffff7,77f5eeffcffffff7,0,0,0
90,40000000400000,40000000000200,0,0,0
91,f7bf55fffbffffff,f5be55fffbffffff,0,0,0
92,41102c9065c8088,411028906508000,0,0,0
93,440060000300800,60000300800,0,0,0
94,d7c5b7fffefdffff,97c5b7eff6ffffff,0,0,0
95,f7bf57dfffffffbb,f7be57dffdffffbb,0,0,0
96,411028806588000,410028006408000,0,0,0
97,f7f5fefffffffff7,77f5fefffffffff7,0,0,0
98,40000000400200,40000000401600,0,0,0
99,f7bf55fffbffffff,f7bd55fffbffffff,0,0,0
100,411028806588000,410028006408000,0,0,0
101,400020000300800,400020000300800,0,0,0
102,97c5b7effefdffff,9785b7eff6fdffff,0,0,0
103,bfbe57ffff7fffbb,bfbe57fffd7fffbb,0,0,0
104,3c31eefbb7fc9ce8,3c31008006588088,0,0,0
105,77f5eeffcffffff7,77f5eeffcffffff7,0,0,0
106,40020000400600,40000000800600,0,0,0
107,f7bf55fffbffffff,f7bc11b979fffeff,0,0,0
108,3c31eefbb7fc9ce8,3c31008006588088,0,0,0
109,400060004300820,400000004100000,0,0,0
110,97c5b7eff6ffffff,9785972cf2fcffff,0,0,0
111,f7bf57ffffffffbb,f7ba57dbf9f7ffbb,0,0,0
112,410008002108000,400008002008000,0,0,0
113,fff5ffffffffffff,fff5feffffffffff,0,0,0
114,40000000400600,40000000400200,0,0,0
115,f7bf55fffbffffff,f7af55fffbffffff,0,0,0
116,410008002108000,400008002008000,0,0,0
117,400020000300000,400020000300000,0,0,0
118,9fc5b7fffeffffff,9785b7eff6fdffff,0,0,0
119,f7bfd7ffffffffbb,f7be57fbfdffffbb,0,0,0
120,410008002008000,400008002008000,0,0,0
121,fff5eefffffffff7,fff5eefffffffff7,0,0,0
122,40000000400600,40000000400200,0,0,0
123,f7bf55fffbffffff,f7bc15fffbffffff,0,0,0
124,410008002008000,400008002008000,0,0,0
125,400060000300000,20000300000,0,0,0
126,97c5b7eff6fdffff,97c5b7eff6feffff,0,0,0
127,f7be57ffffffffbf,f7be57dbfdffffbb,0,0,0
128,410028006008000,400008006008000,0,0,0
129,25d4e27dcfbfffd7,27d4e27dcfbfff97,0,0,0
130,40000000c00600,40000000c00200,0,0,0
131,f5bf55fffbffffff,f7be55fffbffffff,0,0,0
132,410028006008000,400008006008000,0,0,0
133,800020000300800,300800,0,0,0
134,97c5b7fff6ffffff,97c5b7fff6fdffff,0,0,0
135,f7be57dfffffffbb,f7be57dfffffffbb,0,0,0
136,3cb1eefbb6fc9c88,2c11eaf9a65c9c88,0,0,0
137,2001040000,2001040000,0,0,0
138,40000000401200,40000000000200,0,0,0
139,f7be55fffbffffff,e7be55fffbffffff,0,0,0
140,3cb1eefbb6fc9c88,2c11eaf9a65c9c88,0,0,0
141,c00020000300800,c00000000300000,0,0,0
142,d7c5b7fffefdffff,d7c5b7eff6fcffff,0,0,0
143,f7be57ffffffffbb,f79e57fbfbffffbb,0,0,0
144,400008006008000,400008002008000,0,0,0
145,2004823541be9884,2004823541bf9894,0,0,0
146,40000000000600,40000000000600,0,0,0
147,f5bf55fffbffffff,f7bf55fffbffffff,0,0,0
148,400008006008000,400008002008000,0,0,0
149,400000000200800,4300000,0,0,0
150,d7c5b7eff6fdffff,d7c5b7eff6fdffff,0,0,0
151,f7be57ffffffffbb,f7be57fffdffffbb,0,0,0
152,10008006008000,400008006008000,0,0,0
153,25d4e6fdcfbfffd7,27d4a6fdcfbfffd7,0,0,0
154,40000000c01600,40000000000600,0,0,0
155,f5bf55fffbffffff,f7bd55fffbffffff,0,0,0
156,10008006008000,400008006008000,0,0,0
157,440060000300820,800060004300800,0,0,0
158,97c5b7fff6ffffff,d785b7fff6fdffff,0,0,0
159,ffbe57ffffffffbb,f7be57dfffffffbb,0,0,0
160,400008002008000,400000002008000,0,0,0
161,75f5eeffcfffffd7,77f5eeffcfffffd7,0,0,0
162,40000000400200,40000000c00600,0,0,0
163,f7bd55fffbffffff,f5bf55fffbffffff,0,0,0
164,400008002008000,400000002008000,0,0,0
165,20000300000,400000004300000,0,0,0
166,97c5b7fff6fdffff,97c5b7eff6fdffff,0,0,0
167,f7be57ffffffbfbb,f79e57dbf9ffbfbb,0,0,0
168,410028002008000,400008002008000,0,0,0
169,77f5eeffcfffffd7,77f4eeffcfffffd7,0,0,0
170,40000000400600,40000000400600,0,0,0
171,f7bf55fffbffffff,f5bc55fffbffffff,0,0,0
172,410028002008000,400008002008000,0,0,0
173,400060000300800,20000300000,0,0,0
174,d7c5b7fff6ffffff,d7c5b7eff6ffffff,0,0,0
175,f7bf57ffffffffbb,f7be57fbfbffffbb,0,0,0
176,8000,0,0,0,0
177,fffdffffffffffff,fffdffffffffffff,0,0,0
178,40000000000600,40020000000200,0,0,0
179,f7be55fffbffffff,f7be11fff9fffeff,0,0,0
180,8000,0,0,0,0
181,840020000200000,0,0,0,0
182,9785b7eff6fdffff,9785362cf2fdffff,0,0,0
183,f7bf57fbfbffffbb,f79e57dbf9f7ffbb,0,0,0
184,400008002008000,400000000008000,0,0,0
185,77f5eefffffffff7,77f5eeffffffffd7,0,0,0
186,40000000000600,40000000001400,0,0,0
187,f5bd55fffbffffff,f5bd55fffbfffeff,0,0,0
188,400008002008000,400000000008000,0,0,0
189,400000000300800,400000000300000,0,0,0
190,97c5b7eef6ffffff,9785b7eef2ffffff,0,0,0
191,f7be57fbfbffffbb,f7ba57dbf9ffffbb,0,0,0
192,410008002008000,410000002008000,0,0,0
193,77f5eeffcffffff7,f7f5feffcffffff7,0,0,0
194,40000000400600,40000000400600,0,0,0
195,f7bf55fffbffffff,f5bf55fffbffffff,0,0,0
196,410008002008000,410000002008000,0,0,0
197,300800,40000000300800,0,0,0
198,97c5b7fffeffffff,d785b7eff6fdffff,0,0,0
199,f7bf57ffffffffbb,f79e57dbfbffffbb,0,0,0
200,410008006008000,400008002008000,0,0,0
201,77f5eefffffffff7,77f5eeffcffffff7,0,0,0
202,40000000400600,40000000000600,0,0,0
203,f5bf57fffbffffff,f5bf55fffbffffff,0,0,0
204,410008006008000,400008002008000,0,0,0
205,300020,100000,0,0,0
206,d7c5b7fff6fdffff,97c5b7fff6fdffff,0,0,0
207,f7be57fffbffffbb,f7be57fff9ffffbb,0,0,0
208,410008006008000,400008002008000,0,0,0
209,77f5eeffcffffff7,f7f5eeffcffffff7,0,0,0
210,40020000c01600,40000000400600,0,0,0
211,f7bf55fffbffffff,f5bf57fffbffffff,0,0,0
212,410008006008000,400008002008000,0,0,0
213,c00060000700800,20000300800,0,0,0
214,d7c5b7fffeffffff,97c5b7eef6fdffff,0,0,0
215,f7bf57ffffffffb9,f7bf57dbffffffb9,0,0,0
216,410008002008000,400008002008000,0,0,0
217,f7f5eeffeffffff7,f7f5eeffcffffff7,0,0,0
218,40000000400200,40000000400200,0,0,0
219,f5bf55fffbffffff,f5bf55fffbffffff,0,0,0
220,410008002008000,400008002008000,0,0,0
221,c00060004300020,400000000300000,0,0,0
222,d7c5bffff6ffffff,97c5b7eef6ffffff,0,0,0
223,f7bf57ffffffffbb,f7bf57fbf9ffffbb,0,0,0
224,400008002008000,400008002008000,0,0,0
225,f7f5eefffffffff7,f7f5eeffcffffff7,0,0,0
226,40000000401600,40000000000200,0,0,0
227,f7bf57fffbffffff,f5bf57fffbffffff,0,0,0
228,400008002008000,400008002008000,0,0,0
229,c00020000300000,20000300000,0,0,0
230,9785b7fef6ffffff,9785b7eff6ffffff,0,0,0
231,f7be57fbfdffffbb,f7be57dbfdffffbb,0,0,0
232,2008000,2008000,0,0,0
233,fff5fffffffffff7,fff5fefffffffff7,0,0,0
234,40000000c00600,40000000400600,0,0,0
235,f7bf57fffbffffff,f7bf55fffbffffff,0,0,0
236,2008000,2008000,0,0,0
237,c40060000300820,20000300000,0,0,0
238,97c5b7eff6ffffff,d7c597eff6ffffff,0,0,0
239,f7bf57ffffffffbb,f7bf57dbffffffbb,0,0,0
240,400008006108000,400008002008000,0,0,0
241,77f5eefffffffff7,77f5eeffdffffff7,0,0,0
242,40000000400600,40000000000200,0,0,0
243,f7bf55fffbffffff,f7bf55fffbffffff,0,0,0
244,400008006108000,400008002008000,0,0,0
245,800020004300000,20000300000,0,0,0
246,9fc5b7fffefdffff,97c5b7eff6fcffff,0,0,0
247,ffbe57ffffffffbb,f7be57fbffffffbb,0,0,0
248,400008002008000,400000000008000,0,0,0
249,77f5eeffeffffff7,77f5fefffffffff7,0,0,0
250,40000000000000,40020000000000,0,0,0
251,f5bf57fffbffffff,f5bf11bffbffffff,0,0,0
252,400008002008000,400000000008000,0,0,0
253,c40060000300800,800000000300000,0,0,0
254,97c5b7fff6ffffff,9785b7eef6ffffff,0,0,0
255,f7bed7fbffffffbb,f79a57dbf9f7ffbb,0,0,0
256,410008002008000,410008006008000,0,0,0
257,77f5eeffeffffff7,77f5eeffeffffff7,0,0,0
258,40000000000000,40000000000000,0,0,0
259,f7bf57fffbffffff,f7be55fffbffffff,0,0,0
260,410008002008000,410008006008000,0,0,0
261,400060000300800,20000100800,0,0,0
262,d7c5b6fffefcffff,d7c5b7eef6fdffff,0,0,0
263,f7be57ffffffffbb,f7be57fbffffffbb,0,0,0
264,410008002008000,400008002008000,0,0,0
265,f7f5eeffcffffff7,f7f5eeffcffffff7,0,0,0
266,0,0,0,0,0
267,ffbfffffffffffff,ffbff7ffffffffff,0,0,0
268,410008002008000,400008002008000,0,0,0
269,c00020000300000,300000,0,0,0
270,9fc5b7fff6ffffff,9fc5b7eff6fdffff,0,0,0
271,f7bf57ffffffffbb,f7be57dbffffffbb,0,0,0
272,410008002108000,400008002008000,0,0,0
273,f7f5eefffffffff7,77f5eeffcffffff7,0,0,0
274,40000000000000,0,0,0,0
275,f5bf55fffbffffff,f5bd55fffbffffff,0,0,0
276,410008002108000,400008002008000,0,0,0
277,c00004000300800,c00020000300000,0,0,0
278,d7c5b7fff6ffffff,d7c5b7fff6feffff,0,0,0
279,f7bf57fff9ffffbf,f7bf57dbf9ffffbb,0,0,0
280,410028002008000,400008002008000,0,0,0
281,f7f5eeffdffffff7,f7d5eeffcfffffd7,0,0,0
282,40000000000200,40000000000000,0,0,0
283,f7bd55fffbffffff,f7be55fffbffffff,0,0,0
284,410028002008000,400008002008000,0,0,0
285,840020004300800,800000000200000,0,0,0
286,97c5b7fff6fdffff,97c597eff2fdffff,0,0,0
287,f7be57ffffffffbb,f7ba57dbffffffbb,0,0,0
288,410008002008000,400000000008000,0,0,0
289,77f5eeffeffffff7,77f5eefffffffff7,0,0,0
290,840020000c01621,c40020000c01e20,0,0,0
291,e5bf55fffbfffeff,e52c11b979bffeff,0,0,0
292,410008002008000,400000000008000,0,0,0
293,440060000300820,100000,0,0,0
294,9fc5b7fff6fdffff,9785b6a4f2fdffff,0,0,0
295,f7be57dbfbffffbb,f79a57dbf9f7bfbb,0,0,0
296,410008806008000,410008006008000,0,0,0
297,77f5eeffeffffff7,77f5eeffefffffd7,0,0,0
298,ee15fe11ee11ee1,e601fe11ee11ee1,0,0,0
299,652c11bb69befc77,652c11b879bef476,0,0,0
300,410008806008000,410008006008000,0,0,0
301,c00060000300800,400020000300000,0,0,0
302,d7c5b7fff6ffffff,97c5b6eff2fdffff,0,0,0
303,f7bed7ffffffffbb,f7be57dbffffffbb,0,0,0
304,410008002008000,400008002008000,0,0,0
305,77f5eeffcffffff7,77f5eeffcffffff7,0,0,0
306,e40022116e01ea1,e40062116e11ea1,0,0,0
307,f7bf55fffbffffff,f5bf55fffbffffff,0,0,0
308,410008002008000,400008002008000,0,0,0
309,440060000300800,400020000300000,0,0,0
310,dfc5b7fff6fdffff,97c5b7eef6fdffff,0,0,0
311,f7be57ffffffffbb,f7be57dbfbffffbb,0,0,0
312,410008006008000,410000002008000,0,0,0
313,f7f5eeffdffffff7,77f5eeffcffffff7,0,0,0
314,c40020000c01e01,840020000c01621,0,0,0
315,f7bf57fffbffffff,f7bf55bffbffffff,0,0,0
316,410008006008000,410000002008000,0,0,0
317,800060004300800,300000,0,0,0
318,d7c5b7eff6fdffff,d7c5b7aef2fdffff,0,0,0
319,f7be57ffffffffbb,f7ba57dbf9ffffbb,0,0,0
320,401008002008000,400000002008000,0,0,0
321,77f5eeffeffffff7,77f5eeffdffffff7,0,0,0
322,40020000c01601,40020000c01601,0,0,0
323,f7bfd7fffbffffff,f7bf55fffbffffff,0,0,0
324,401008002008000,400000002008000,0,0,0
325,440020000300800,800020000300000,0,0,0
326,d7c5b7fff6fcffff,d785b7eef6feffff,0,0,0
327,f7b657fbffffffbb,f7b257dbffffffbb,0,0,0
328,411008002108000,400000000008000,0,0,0
329,f7f5eeffeffffff7,77f5feffeffffff7,0,0,0
330,e40022116c01ea1,e40062112c01e21,0,0,0
331,f7bf55fffbffffff,f73c11b97bfffeff,0,0,0
332,411008002108000,400000000008000,0,0,0
333,400020004300800,100000,0,0,0
334,978597eff6fdffff,978516ecf2fdffff,0,0,0
335,f7be57fffffffbbb,f71a57dbfdf7fbbb,0,0,0
336,410008006008000,400000002008000,0,0,0
337,77f5eeffdffffff7,77f5feffdffffff7,0,0,0
338,40000000c00600,40000000c00600,0,0,0
339,fffff7ffffffffff,ffbfd7fffbffffff,0,0,0
340,410008006008000,400000002008000,0,0,0
341,800000004300000,200000,0,0,0
342,d7c5b7effeffffff,9785b6ecf2fdffff,0,0,0
343,f7be57ffffffffbb,f79e57dbf9f7ffbb,0,0,0
344,400008002008000,400008002008000,0,0,0
345,f7f4eeffeffffff7,f7f5eefdcffffff7,0,0,0
346,40000000c00200,40000000000200,0,0,0
347,f7bf57fffbffffff,f7bf57fffbffffff,0,0,0
348,400008002008000,400008002008000,0,0,0
349,840020000300000,300000,0,0,0
350,d7c5b7eefeffffff,d7c5b7eef2fdffff,0,0,0
351,f7be57ffffffffbb,f7be57dbfdffffbf,0,0,0
352,410008002008000,400008002008000,0,0,0
353,77f5eeffcffffff7,77f5eeffcffffff7,0,0,0
354,40000000401600,40000000401600,0,0,0
355,e5ac15bffbfffeff,e52c15bffbbffe7f,0,0,0
356,410008002008000,400008002008000,0,0,0
357,c00020000300000,c00020000300000,0,0,0
358,97c5b7fff6fcffff,d7c5b7eff6fcffff,0,0,0
359,f7be57ffffffffbb,f7be57fbffffffbb,0,0,0
360,410008006008000,410008006008000,0,0,0
361,f7f5eeffeffffff7,f7f5eeffcffffff7,0,0,0
362,e40022006c01e21,e40022006c01ea1,0,0,0
363,2008000040364036,2008000040164016,0,0,0
364,410008006008000,410008006008000,0,0,0
365,c40060000300820,400060000300820,0,0,0
366,9f85b7fff6ffffff,97c5b7fff2fdffff,0,0,0
367,f7be57ffffffffbb,f7be57ffffffffbb,0,0,0
368,410008006108000,400008002008000,0,0,0
369,77f5eeffdffffff7,f7f5eeffcffffff7,0,0,0
370,40000000401600,40000000401600,0,0,0
371,652c11b869bef476,652c11b948bef076,0,0,0
372,410008006108000,400008002008000,0,0,0
373,20000300800,20000300820,0,0,0
374,97c5b7eff6fdffff,97c5b7eff6fcffff,0,0,0
375,f7be57ffffffffbf,f7be57fbfbffffbb,0,0,0
376,400008002008000,400000002008000,0,0,0
377,77f5eaffcfffffd7,77f5eeffcffffff7,0,0,0
378,40000000c00600,40000000001600,0,0,0
379,e52c15fffbffffff,e52c15bbfbfffe7f,0,0,0
380,400008002008000,400000002008000,0,0,0
381,c40020000300000,c00000000300800,0,0,0
382,97c5b7eff6ffffff,9785b7aef6ffffff,0,0,0
383,f7be57fbffffffbb,f79a57dbf9ffffbb,0,0,0
384,400008002008000,400008002008000,0,0,0
385,77d5eefffffffff7,77f5eeffeffffff7,0,0,0
386,40000000401600,40000000000600,0,0,0
387,f5bd55fffbffffff,f5bc55fffbfffeff,0,0,0
388,400008002008000,400008002008000,0,0,0
389,800060000300000,c40020000100800,0,0,0
390,97c5b7fef6fdffff,9785b7eff6fdffff,0,0,0
391,f7be57ffffffffbb,f79a57fffbffffbb,0,0,0
392,400008006008000,400008002008000,0,0,0
393,f7f5eeffeffffff7,77f5eeffeffffff7,0,0,0
394,40000000400200,40000000400200,0,0,0
395,f7bd15fffbffffff,f7bc55fffbffffff,0,0,0
396,400008006008000,400008002008000,0,0,0
397,c00060000300000,60000300000,0,0,0
398,dfc5b7eff6ffffff,d7c5b7fff6fdffff,0,0,0
399,f7be57fffbffffbb,f7be57fbfbffffbb,0,0,0
400,410008002008000,400008002008000,0,0,0
401,77f5eeffdffffff7,f7f5eeffcffffff7,0,0,0
402,0,0,0,0,0
403,ffffffffffffffff,fffffffffbffffff,0,0,0
404,410008002008000,400008002008000,0,0,0
405,c00020000200800,400020000300000,0,0,0
406,97c5b7eff6ffffff,d7c5b6eff6ffffff,0,0,0
407,ffbf57fbffffffbb,f7be57dbfbffffbb,0,0,0
408,410008002008000,410000006008000,0,0,0
409,77f5eeffeffffff7,77f5eeffeffffff7,0,0,0
410,40000000c00200,40000000800200,0,0,0
411,f7bf55fffbffffff,f7bd55fffbffffff,0,0,0
412,410008002008000,410000006008000,0,0,0
413,440060000300000,400060004300000,0,0,0
414,97c5b6fff6ffffff,97c5b7aef6fdffff,0,0,0
415,f7be57ffffffffbb,f7be57dbf9ffffbb,0,0,0
416,410008002008000,400008002008000,0,0,0
417,77f5eeffeffffff7,77f5eeffcffffff7,0,0,0
418,40000000c00200,40000000000200,0,0,0
419,f5bf55fffbffffff,f5bd55fffbffffff,0,0,0
420,410008002008000,400008002008000,0,0,0
421,840020000300000,100000,0,0,0
422,d7c5b7eff6ffffff,97c5b7eff6fcffff,0,0,0
423,f7be57fbffffffbb,f7ba57dbfbffffbb,0,0,0
424,410008002108000,410000002008000,0,0,0
425,77f5eeffeffffff7,77f5eeffdffffff7,0,0,0
426,40000000c00200,40000000801600,0,0,0
427,f7bf55fffbffffff,f7bd55fffbffffff,0,0,0
428,410008002108000,410000002008000,0,0,0
429,800060000300800,c00000000300000,0,0,0
430,97c5b7fff6fdffff,97c5b7acf2ffffff,0,0,0
431,f7be57ffffffffbb,f79a57dbf9ffffbb,0,0,0
432,410008006008000,410008006108000,0,0,0
433,f7f5eeffcffffff7,77f5eeffdffffff7,0,0,0
434,40000000400600,40000000401600,0,0,0
435,f7be57fffbffffff,f5bf55fffbffffff,0,0,0
436,410008006008000,410008006108000,0,0,0
437,400020000300000,400020000300800,0,0,0
438,97c5b7eff6fdffff,97c5b7eff6fdffff,0,0,0
439,f7be57ffffffffbf,f7be57fbfbffffbb,0,0,0
440,410008006108000,400008002008000,0,0,0
441,f7f5eeffcffffff7,f7f5eeffcffffff7,0,0,0
442,40000000401600,40000000000200,0,0,0
443,f7bfd5fffbffffff,f7bfd5fffbffffff,0,0,0
444,410008006108000,400008002008000,0,0,0
445,440060004300820,400000000300000,0,0,0
446,97c5b7fff6ffffff,97c5b7eff6fdffff,0,0,0
447,f7be57fffbffffbb,f7be57dbf9ffffbb,0,0,0
448,410008006008000,400008002008000,0,0,0
449,f7f5eeffcffffff7,77f5eeffcfffffd7,0,0,0
450,40000000400600,40000000000200,0,0,0
451,f7bf57fffbffffff,f5bf57fffbffffff,0,0,0
452,410008006008000,400008002008000,0,0,0
453,400020000300800,400000000100800,0,0,0
454,97c5b7eefeffffff,97c5b7eef6fcffff,0,0,0
455,f7bf57dbffffffbb,f7bf57fbf9ffffbb,0,0,0
456,400008002008000,400008006008000,0,0,0
457,77f5eeffcfffffd7,77f5eeffcffffff7,0,0,0
458,40000000000000,40000000000000,0,0,0
459,ffbff7fffbffffff,f7bff7fffbffffff,0,0,0
460,400008002008000,400008006008000,0,0,0
461,20000300000,20000300000,0,0,0
462,97c5b7fffefdffff,97c5b7fef6ffffff,0,0,0
463,f7be57fbffffffbb,f7be57fbf9ffffbb,0,0,0
464,410028006108000,410008002108000,0,0,0
465,77f5eeffefffffd7,f7f5eeffcffffff7,0,0,0
466,40000000c00600,40000000400600,0,0,0
467,f7bf55fffbffffff,f7bf55fffbffffff,0,0,0
468,410028006108000,410008002108000,0,0,0
469,c00060004300800,800020000300800,0,0,0
470,dfc5b7fff6ffffff,dfc5b7bef6ffffff,0,0,0
471,f7be57dffbffffbb,f7be57dbf9ffffbb,0,0,0
472,410008002108000,10008002008000,0,0,0
473,77f4eeffcffffff7,f7f5eefdcffffff7,0,0,0
474,40000000001200,40000000000200,0,0,0
475,f7bd57fffbffffff,f7bf55fffbffffff,0,0,0
476,410008002108000,10008002008000,0,0,0
477,800020000300800,20000300000,0,0,0
478,d7c5b7fff6feffff,97c5b7eff6fdffff,0,0,0
479,ffbe57ffffffffbb,f7be57fbffffffbb,0,0,0
480,410008002008000,410008002008000,0,0,0
481,f7d5eeffcffffff7,77d5eeffcffffff7,0,0,0
482,40000000400600,40000000400600,0,0,0
483,f5bf55fffbffffff,f5bd15fffbffffff,0,0,0
484,410008002008000,410008002008000,0,0,0
485,400020000300000,100000,0,0,0
486,97c5b7fff6fdffff,97c5b7eef2fdffff,0,0,0
487,f7be57ffffffffbb,f79a57fbfbffffbb,0,0,0
488,410008002008080,400000002008000,0,0,0
489,77f5eeffcffffff7,77f5fefffffffff7,0,0,0
490,40000000401600,40000000001200,0,0,0
491,f7bf55fffbffffff,f7ac15bffbfffeff,0,0,0
492,410008002008080,400000002008000,0,0,0
493,c00060000300000,c00000000100000,0,0,0
494,d7c5b7eff6fdffff,9785b66cf2fcffff,0,0,0
495,f7be57ffffffffbb,f79a57dbf9f7ffbb,0,0,0
496,400008002008000,400000000008000,0,0,0
497,77f5eeffdffffff7,77f5feffefffffd7,0,0,0
498,40000000401600,40020000001600,0,0,0
499,f5bf57fffbffffff,f7bd11bffbfffeff,0,0,0
500,400008002008000,400000000008000,0,0,0
501,440020000300000,c00000000100000,0,0,0
502,97c5b7fff6feffff,97c5b62cf2fdffff,0,0,0
503,f7be57ffffffffbb,f7ba57dbf9ffffbb,0,0,0
504,410008002008000,410000002008000,0,0,0
505,77f5eeffdffffff7,f7f5eeffeffffff7,0,0,0
506,40000000c01600,40000000c00200,0,0,0
507,f7bf55fffbffffff,f7be55fffbffffff,0,0,0
508,410008002008000,410000002008000,0,0,0
509,440020000300820,400020000300800,0,0,0
510,97c5b7fff6fdffff,97c5b7ecf6fdffff,0,0,0
511,f7bed7ffffffffbf,f7be57fbffffffbf,0,0,0
512,410008006108000,400008002008000,0,0,0
513,77f5eeffcffffff7,f7f5eeffcffffff7,0,0,0
514,40000000401600,40000000400200,0,0,0
515,f7bd55fffbffffff,f5bd55fffbffffff,0,0,0
516,410008006108000,400008002008000,0,0,0
517,c00020004300800,c00020004300000,0,0,0
518,d7c5b7fff6ffffff,97c5b7eff6ffffff,0,0,0
519,12026e189176001c,12026e189176001c,0,0,0
520,410008002108000,400000002008000,0,0,0
521,f7f5eefffffffff7,77f5feffefffffd7,0,0,0
522,40000000400200,40000000001200,0,0,0
523,f7bf57fffbffffff,f7bf15fbfbfffeff,0,0,0
524,410008002108000,400000002008000,0,0,0
525,c00020000300820,c00000000300000,0,0,0
526,9fc5b7effeffffff,97c5b7ecf2ffffff,0,0,0
527,12026e18917e801d,12026e18913e801d,0,0,0
528,410008002008000,400000002008000,0,0,0
529,f7f5eeffcffffff7,77f5feffcffffff7,0,0,0
530,40000000400600,40000000c00200,0,0,0
531,f7bf55fffbffffff,f7bf55fffbffffff,0,0,0
532,410008002008000,400000002008000,0,0,0
533,400060000300000,400000000300000,0,0,0
534,dfc5b7fff6fdffff,dfc5b6aef2ffffff,0,0,0
535,f6437fddbbffa93f,f6437fddb9ffbd3d,0,0,0
536,410008006008000,400000000008000,0,0,0
537,77f5eefffffffff7,77f5feffeffffff7,0,0,0
538,40000000c00200,40000000000600,0,0,0
539,f7bf55fffbffffff,f7bc11bff9fffeff,0,0,0
540,410008006008000,400000000008000,0,0,0
541,400040000300800,800000000200000,0,0,0
542,97c5b7effeffffff,9785b6acf2ffffff,0,0,0
543,1000200800220004,1000200800220000,0,0,0
544,400008006008000,410008002008000,0,0,0
545,77f5eeffcffffff7,77f5eeffeffffff7,0,0,0
546,40000000c00600,40000000c01600,0,0,0
547,f7bf57fffbffffff,f7bf55fffbffffff,0,0,0
548,400008006008000,410008002008000,0,0,0
549,c00060000300000,800020000300800,0,0,0
550,97c5b7fff6ffffff,97c1b7fff6fdffff,0,0,0
551,1200200000220004,1000200000220000,0,0,0
552,410008006108000,400008002008000,0,0,0
553,f7f5eeffcffffff7,f7f5eeffcffffff7,0,0,0
554,40000000401200,40000000001200,0,0,0
555,f7bf57fffbffffff,f7bf55fffbffffff,0,0,0
556,410008006108000,400008002008000,0,0,0
557,c00020000300000,400020000300000,0,0,0
558,97c5b7eff6ffffff,d785b7eff6fdffff,0,0,0
559,12026e189176001c,120266189136001c,0,0,0
560,411008002508000,400008006008000,0,0,0
561,f7f5eeffcffffff7,f7f5eeffcffffff7,0,0,0
562,40020000401200,40000000401600,0,0,0
563,f7bf57fffbffffff,f7bf55fffbffffff,0,0,0
564,411008002508000,400008006008000,0,0,0
565,400060000300800,400060000300800,0,0,0
566,d7c5b7eff6ffffff,9fc5b7eff6fdffff,0,0,0
567,12026e989176801d,12026e189176801d,0,0,0
568,400008006008000,10000006008000,0,0,0
569,77f5eeffdffffff7,77f5eeffcffffff7,0,0,0
570,40000000401600,40000000001600,0,0,0
571,f7bf55fffbffffff,f7bf55fffbffffff,0,0,0
572,400008006008000,10000006008000,0,0,0
573,400060000300020,60000700020,0,0,0
574,dfc5b7fff6ffffff,d7c5b7aef6ffffff,0,0,0
575,12026e08917e801c,92026e08817e801c,0,0,0
576,410008002008000,400000002008000,0,0,0
577,f7f5eeffeffffff7,f7f5feffeffffff7,0,0,0
578,40000000400600,40000000c01600,0,0,0
579,f7bf57fffbffffff,f7bf55fffbffffff,0,0,0
580,410008002008000,400000002008000,0,0,0
581,20000300820,c00000000100800,0,0,0
582,dfc5b7fff6ffffff,dfc5b7fef6ffffff,0,0,0
583,12026e189177001c,12026e18917e801c,0,0,0
584,410008006108000,410000006008000,0,0,0
585,77f5eeffeffffff7,f7f5eeffefffffd7,0,0,0
586,40000000c01200,40000000001200,0,0,0
587,f7bf55fffbffffff,f7bf55fffbffffff,0,0,0
588,410008006108000,410000006008000,0,0,0
589,400060000300000,400000000300000,0,0,0
590,dfc5b7eff6ffffff,dfc5b7aff6ffffff,0,0,0
591,12026e189076001c,12026e189177801c,0,0,0
592,410008006508000,410008006108000,0,0,0
593,77f5eefffffffff7,f7f5eeffeffffff7,0,0,0
594,40000000401600,40000000400200,0,0,0
595,f7bf57fffbffffff,f7bf55fffbffffff,0,0,0
596,410008006508000,410008006108000,0,0,0
597,c00020000300800,20000300000,0,0,0
598,d7c5b7fffeffffff,d7c5b7eff6ffffff,0,0,0
599,92026e18917e801d,12026e18917e801c,0,0,0
600,410008006008000,410000006008000,0,0,0
601,77f5eeffeffffff7,77f5feffcfffffd7,0,0,0
602,40000000c00600,40000000801600,0,0,0
603,f7bd55fffbffffff,f7bd55bffbffffff,0,0,0
604,410008006008000,410000006008000,0,0,0
605,400020000300000,400000000000000,0,0,0
606,d7c5b7fffeffffff,97c5b7bef6fdffff,0,0,0
607,12026e18917e001c,12026e18917e001c,0,0,0
608,410008006008000,410000002008000,0,0,0
609,77f5eeffdffffff7,77f5feffcffffff7,0,0,0
610,40000000c00600,40000000001600,0,0,0
611,f7bf57fffbffffff,f7bf55bffbffffff,0,0,0
612,410008006008000,410000002008000,0,0,0
613,0,0,0,0,0
614,d7c5b7eef6fdffff,d7c5b7eef2ffffff,0,0,0
615,12026e18917e001c,12026e98917e801c,0,0,0
616,410028006008000,400008002008000,0,0,0
617,77f5eeffdffffff7,77f5eefddffffff7,0,0,0
618,40000000401600,40000000401200,0,0,0
619,f7bf57fffbffffff,f7bf55fffbffffff,0,0,0
620,410028006008000,400008002008000,0,0,0
621,0,0,0,0,0
622,ffffffffffffffff,fffffffffeffffff,0,0,0
623,12026e18917e801c,12026e188076801c,0,0,0
624,410028002008000,410000002008000,0,0,0
625,f7f5eeffcffffff7,77f5feffcffffff7,0,0,0
626,40000000400600,40020000401600,0,0,0
627,f7bf55fffbffffff,f7bd55fffbffffff,0,0,0
628,410028002008000,410000002008000,0,0,0
629,0,0,0,0,0
630,97c5b7fff6fcffff,9785b7aef2fdffff,0,0,0
631,12026e189176801d,12026e18917e801c,0,0,0
632,410008002008000,400008002008000,0,0,0
633,f7f5eeffeffffff7,f7f5eeffcffffff7,0,0,0
634,40000000400600,40000000400600,0,0,0
635,f7bf57fffbffffff,f7bd57fffbffffff,0,0,0
636,410008002008000,400008002008000,0,0,0
637,300000,100000,0,0,0
638,97c5b7fff6ffffff,97c5b7eff2fcffff,0,0,0
639,12026e189176001d,12026618917e001c,0,0,0
640,410008006008000,400008002008000,0,0,0
641,77f5eeffcffffff7,77d5feffcffffff7,0,0,0
642,40000000c01600,40000000000200,0,0,0
643,f7bf55fffbffffff,f5bf55fffbffffff,0,0,0
644,410008006008000,400008002008000,0,0,0
645,c40064024f01820,c40064024701820,0,0,0
646,9785b7eff6fdffff,978597acf6fdffff,0,0,0
647,92026e189176801c,12026e18917e801c,0,0,0
648,410028002008000,410008002408000,0,0,0
649,77f5eeffdffffff7,f7f5eeffcffffff7,0,0,0
650,40020000c01600,40020000401200,0,0,0
651,f7bf55fffbffffff,f5bd55fffbffffff,0,0,0
652,410028002008000,410008002408000,0,0,0
653,bfe9b7ebbdf3dfff,bfe9b7fbb5f3dff7,0,0,0
654,2801200a2d87ff6,2801200a2585ff6,0,0,0
655,92026e189176001d,12026e189076001c,0,0,0
656,410008806008000,400000002008000,0,0,0
657,f7f5feffdffffff7,77f5feffdffffff7,0,0,0
658,40000000c01600,40000000c01200,0,0,0
659,f7bf57fffbffffff,f7bf55fffbffffff,0,0,0
660,410008806008000,400000002008000,0,0,0
661,1f490669a4f1dcf3,9f490669a4f1dc73,0,0,0
662,d7c5b7fff6ffffff,9785b7fef2ffffff,0,0,0
663,12026e18917e801c,12026e18917e801c,0,0,0
664,410028006008000,410000006008000,0,0,0
665,77f5eeffcffffff7,f7f5feffcffffff7,0,0,0
666,40000000c00200,40000000400600,0,0,0
667,f7bf55fffbffffff,f7bf55fffbffffff,0,0,0
668,410028006008000,410000006008000,0,0,0
669,c40064024701820,c40060024701820,0,0,0
670,d7c5b7fffeffffff,d7d5b7fff6ffffff,0,0,0
671,12026e189176801c,12026e18917e801c,0,0,0
672,410008006008000,410000000008000,0,0,0
673,77d5eeffcfffffd7,77f5feffeffffff7,0,0,0
674,40000000400600,40000000000600,0,0,0
675,f7bf55fffbffffff,f7bd15bbfbfffeff,0,0,0
676,410008006008000,410000000008000,0,0,0
677,c40060024300820,c40000000300820,0,0,0
678,dfd5bffffeffffff,dfd5b7aef6ffffff,0,0,0
679,92026e189176801c,92026e18913e001c,0,0,0
680,410000006508000,400008002008000,0,0,0
681,f7f5eeffdffffff7,f7f5eeffcffffff7,0,0,0
682,40020000c01600,40000000401600,0,0,0
683,f7bf57fffbffffff,f7bf55fffbffffff,0,0,0
684,410000006508000,400008002008000,0,0,0
685,9f490648a4f1d861,8f49066824f19861,0,0,0
686,d7c5b7bef6ffffff,978597fff2fdffff,0,0,0
687,12026e18917e801c,12026e189176801c,0,0,0
688,410028002108000,410000002008000,0,0,0
689,f7f5eeffeffffff7,7ff5feffcfffffd7,0,0,0
690,40000000000200,40000000001600,0,0,0
691,f7bf57fffbffffff,f7bf15fffbffffff,0,0,0
692,410028002108000,410000002008000,0,0,0
693,c40060000300800,c40040000300800,0,0,0
694,ffffffffffffffff,fffffffffeffffff,0,0,0
695,12026e18917e001c,12026e18917e801c,0,0,0
696,410008006008000,410008006008000,0,0,0
697,77f5eeffeffffff7,77f5eeffeffffff7,0,0,0
698,40000000c00600,40000000400600,0,0,0
699,f7bf55fffbffffff,f7bf55fffbffffff,0,0,0
700,410008006008000,410008006008000,0,0,0
701,840060000300820,60004300820,0,0,0
702,dfc5b7fffeffffff,dfc5b7fffeffffff,0,0,0
703,12026e189176801c,12026e18917e801c,0,0,0
704,410008002108000,400008002108000,0,0,0
705,f7f5eefffffffff7,f7f5e6ffdffffff7,0,0,0
706,40000000c01200,40000000c01200,0,0,0
707,f7bf55fffbffffff,f7bd55fffbffffff,0,0,0
708,410008002108000,400008002108000,0,0,0
709,c40060000300800,840060000300800,0,0,0
710,878197ecf2fcffff,97819628e2fcffff,0,0,0
711,12026618907e801c,120266189076001c,0,0,0
712,410008002108000,400000002008000,0,0,0
713,f7f5eeffcffffff7,77f5eeffeffffff7,0,0,0
714,40000000c00200,40000000401600,0,0,0
715,f7bf55fffbffffff,f7bd11bf7bfffeff,0,0,0
716,410008002108000,400000002008000,0,0,0
717,f49064824f1d863,c49064024f09821,0,0,0
718,200100080085110,200100080005100,0,0,0
719,12026e189176801c,92026e18917e001c,0,0,0
720,400008002108000,400008002108000,0,0,0
721,77f5eefffffffff7,f7f5eefffffffff7,0,0,0
722,40000000c00600,40000000400200,0,0,0
723,f7bf55fffbffffff,f7bf55fffbffffff,0,0,0
724,400008002108000,400008002108000,0,0,0
725,440060000300000,840060004300800,0,0,0
726,3801620a25c5ff6,3801600a2585ff6,0,0,0
727,12026e189176801c,12026e189176801c,0,0,0
728,410008002008000,410008006008000,0,0,0
729,77f5eeffcfffffd7,f7f5eeffcffffff7,0,0,0
730,40000000400600,40000000400600,0,0,0
731,f7bd57fffbffffff,f5bd57fffbffffff,0,0,0
732,410008002008000,410008006008000,0,0,0
733,400020000300000,20000300000,0,0,0
734,978197acf2fcffff,97819628f2fcffff,0,0,0
735,12026e189176001c,12026e189176001c,0,0,0
736,410008002108000,410008002008000,0,0,0
737,f7f5eeffcfffffd7,f7f5eeffcffffff7,0,0,0
738,40000000c00200,40000000400200,0,0,0
739,f7be55fffbffffff,f7be57fffbffffff,0,0,0
740,410008002108000,410008002008000,0,0,0
741,c00060000300000,20000300000,0,0,0
742,97c1b7eef6fcffff,9781b7aef2fcffff,0,0,0
743,12026e189176801c,12026e18917e801c,0,0,0
744,410008002108000,400008002008000,0,0,0
745,77d5eeffcffffff7,f7f5eeffcffffff7,0,0,0
746,40000000800600,40000000400200,0,0,0
747,f7be55fffbffffff,f7bf55fffbffffff,0,0,0
748,410008002108000,400008002008000,0,0,0
749,c00020000300000,400020000300000,0,0,0
750,9785b7eff6fcffff,978597eff6fcffff,0,0,0
751,92026e189176801c,92026e189176001c,0,0,0
752,410028002108000,410000002008000,0,0,0
753,f7f5eeffeffffff7,77f5feffeffffff7,0,0,0
754,40000000c00600,40000000001600,0,0,0
755,f7bf55fffbffffff,f7bf15fffbffffff,0,0,0
756,410028002108000,410000002008000,0,0,0
757,0,0,0,0,0
758,ffffffffffffffff,ffffffffffffffff,0,0,0
759,12026e18917e801c,12026e189176801c,0,0,0
760,410008006008000,400008002008000,0,0,0
761,f7f5eeffcffffff7,77f5eeffcffffff7,0,0,0
762,40000000c00600,40000000400600,0,0,0
763,f7bf55fffbffffff,f7bf55fffbffffff,0,0,0
764,410008006008000,400008002008000,0,0,0
765,20000300000,300000,0,0,0
766,dfc5b7fff6ffffff,97c5b7fff6ffffff,0,0,0
767,12026e18917e001c,12026e18913e801c,0,0,0
768,410008006109000,400008002008000,0,0,0
769,77f5eeffcffffff7,77f5eeffcffffff7,0,0,0
770,40000000c01600,40000000c00600,0,0,0
771,f7bf57fffbffffff,f7bf57fffbffffff,0,0,0
772,410008006109000,400008002008000,0,0,0
773,840020000300800,20000100000,0,0,0
774,97c5b7fffeffffff,97c5b7eff6fdffff,0,0,0
775,12026e18917e801c,12026e18917e001c,0,0,0
776,400028006008000,400008002008000,0,0,0
777,f7f5eeffeffffff7,f7f5eeffcfffffd7,0,0,0
778,40020000c00600,40000000400200,0,0,0
779,f7bf57fffbffffff,f7bf55fffbffffff,0,0,0
780,400028006008000,400008002008000,0,0,0
781,440060000300800,400020000100000,0,0,0
782,d7c5b7eff6ffffff,d7c5b7eff2fcffff,0,0,0
783,12026e18917e001c,12026e180076001c,0,0,0
784,410028006108000,400028002008000,0,0,0
785,77d5eefffffffff7,f7f5eeffcffffff7,0,0,0
786,40000000400600,40000000400600,0,0,0
787,f7bf55fffbffffff,f7bf55fffbffffff,0,0,0
788,410028006108000,400028002008000,0,0,0
789,c00020000300820,400020004300000,0,0,0
790,d7c5b7fef6fdffff,97c5b7fff6ffffff,0,0,0
791,12026e189176801c,92026e189176801c,0,0,0
792,400008002108000,400008002008000,0,0,0
793,f7f5eeffcffffff7,f7f5eeffcffffff7,0,0,0
794,40000000400600,40000000400200,0,0,0
795,f5bf55fffbffffff,f5bf55fffbffffff,0,0,0
796,400008002108000,400008002008000,0,0,0
797,400020000300800,20000300000,0,0,0
798,97c5b7fef6ffffff,9785b7eef6ffffff,0,0,0
799,12026e189176001c,120266189176001c,0,0,0
800,400008002008000,400000002008000,0,0,0
801,77f5eeffdffffff7,77f5fefffffffff7,0,0,0
802,40000000c00600,40000000001600,0,0,0
803,f7bf55fffbffffff,f7bc11bdf9fffeff,0,0,0
804,400008002008000,400000002008000,0,0,0
805,400000004100000,800000000000000,0,0,0
806,d7c5b7fff6ffffff,d7c5b6aef2ffffff,0,0,0
807,92026e189176801c,92026c18917a801c,0,0,0
808,410008002008000,400000002008000,0,0,0
809,f7f5eeffcffffff7,f7f5feffeffffff7,0,0,0
810,40000000000600,40020000001600,0,0,0
811,f7bf57fffbffffff,f7bd15fffbfffeff,0,0,0
812,410008002008000,400000002008000,0,0,0
813,0,0,0,0,0
814,dfdfbffffeffffff,dfd5bffffeffffff,0,0,0
815,12026e18917e001c,12026e18917e001c,0,0,0
816,410008006008000,410000006008000,0,0,0
817,77f5eeffefffffd7,77f5eefffffffff7,0,0,0
818,40000000401200,40000000c01600,0,0,0
819,f7bf55fffbffffff,f7bf55fffbffffff,0,0,0
820,410008006008000,410000006008000,0,0,0
821,400020004300000,300000,0,0,0
822,d7c5b7fff6fdffff,d7c5b7eef6ffffff,0,0,0
823,12026e989176001c,12026e189176801c,0,0,0
824,410028002008000,400008002008000,0,0,0
825,f7f5eeffeffffff7,f7f5eeffcffffff7,0,0,0
826,40000000000200,40000000000200,0,0,0
827,f7bf57fffbffffff,f7bf57fffbffffff,0,0,0
828,410028002008000,400008002008000,0,0,0
829,c00060000000000,c00000000000000,0,0,0
830,97c5b7fff6ffffff,97c5b7eff6fdffff,0,0,0
831,12026e189176001c,12026e188076001c,0,0,0
832,400008002008000,410008002008000,0,0,0
833,77f5eeffdffffff7,77f5eefffffffff7,0,0,0
834,40000000400600,40000000400200,0,0,0
835,f7bf55fffbffffff,f7bf55fffbffffff,0,0,0
836,400008002008000,410008002008000,0,0,0
837,800020000300000,300000,0,0,0
838,97c5b7fffeffffff,97c5b7fff6ffffff,0,0,0
839,120264180032001c,120224180022001c,0,0,0
840,410008002108000,410000002008000,0,0,0
841,77f5eefffffffff7,77f5feffeffffff7,0,0,0
842,40000000c01600,40020000801600,0,0,0
843,f7bf57fffbffffff,f7bf11bff9ffffff,0,0,0
844,410008002108000,410000002008000,0,0,0
845,c00020000300000,400000000000000,0,0,0
846,d7c5b7fff6ffffff,9785b66cf2ffffff,0,0,0
847,0,20000,0,0,0
848,410008002008000,410008002008000,0,0,0
849,77f5feffdffffff7,77f5feffcffffff7,0,0,0
850,40020000801200,40000000801600,0,0,0
851,f5bf57fffbffffff,f5bf57fffbffffff,0,0,0
852,410008002008000,410008002008000,0,0,0
853,c00020000300820,60000300800,0,0,0
854,97c5b7fff6ffffff,9fc5b7eff6ffffff,0,0,0
855,1002200800220014,1002240800220014,0,0,0
856,410008006108000,410008006008000,0,0,0
857,f7f5eeffcffffff7,f7f5eeffcffffff7,0,0,0
858,40000000400600,40000000000600,0,0,0
859,f5bf55fffbffffff,f5bf55fffbffffff,0,0,0
860,410008006108000,410008006008000,0,0,0
861,20000300800,20000300800,0,0,0
862,d7c5b7fef6ffffff,9785b7eef6fcffff,0,0,0
863,12026e189036001c,120266188036001c,0,0,0
864,410008002008000,400000002008000,0,0,0
865,77f5eeffdffffff7,f7f5feffefffffd7,0,0,0
866,40000000401600,40000000800400,0,0,0
867,f7bf55fffbffffff,f7bd11bdfbfffeff,0,0,0
868,410008002008000,400000002008000,0,0,0
869,840060000300800,400000000100000,0,0,0
870,97c5b7fffefdffff,d785b724f2ffffff,0,0,0
871,d2426edc91ffa01d,d6026e9991ffa01d,0,0,0
872,400008006108000,400008002008000,0,0,0
873,77d5eeffcffffff7,77f5eeffcffffff7,0,0,0
874,40000000400200,40000000400200,0,0,0
875,f7bf57fffbffffff,f7bf57fffbffffff,0,0,0
876,400008006108000,400008002008000,0,0,0
877,c00060000700000,20000300800,0,0,0
878,dfc5b7fff6ffffff,97c5b6eff6fcffff,0,0,0
879,ffffffffffffffbf,ffffffffffffffbf,0,0,0
880,410008006008000,410008006408000,0,0,0
881,f7f5eefffffffff7,f7f5eeffeffffff7,0,0,0
882,40000000c00200,40000000c00200,0,0,0
883,f7bf55fffbffffff,f7bd55fffbffffff,0,0,0
884,410008006008000,410008006408000,0,0,0
885,c00060000300820,400060000200800,0,0,0
886,d7c5b7fff6ffffff,97c5b7eff6ffffff,0,0,0
887,ffc3ffffbfffbd3f,ffc37fddbfffbd3f,0,0,0
888,410008002008000,410008002008000,0,0,0
889,f7f5eeffcffffff7,77f5eeffcffffff7,0,0,0
890,40000000c00200,40000000400200,0,0,0
891,f7bf55fffbffffff,f7bd55fffbffffff,0,0,0
892,410008002008000,410008002008000,0,0,0
893,440020000300800,20000300000,0,0,0
894,d7c5b7fffefdffff,d7c5b7fef6fdffff,0,0,0
895,d2026edc99ffa03d,d2026edc917fa01d,0,0,0
896,410028002508000,400008002508000,0,0,0
897,77f5eeffeffffff7,f7d5eeffcffffff7,0,0,0
898,40000000c01600,40000000c01600,0,0,0
899,f7bf55fffbffffff,f7bf55fffbffffff,0,0,0
900,410028002508000,400008002508000,0,0,0
901,c40060000300800,400060000300820,0,0,0
902,d7c5b7fff6fdffff,d7c597eff6fdffff,0,0,0
903,d2026edc917fa01d,92026ed8917fa01c,0,0,0
904,410028006008000,400008006008000,0,0,0
905,f7f5eeffcffffff7,f7f5eefffffffff7,0,0,0
906,40020000400200,40000000400200,0,0,0
907,f7bf55fffbffffff,f7bf55fffbffffff,0,0,0
908,410028006008000,400008006008000,0,0,0
909,400060000300000,20000300000,0,0,0
910,97c5b7fff6ffffff,97c5b7eff6feffff,0,0,0
911,fec3ffffbffffd3f,f6c27ffdbffffd3f,0,0,0
912,410008002008000,410008006008000,0,0,0
913,f7f5eeffdffffff7,77f5eeffdffffff7,0,0,0
914,40000000c01600,40000000401600,0,0,0
915,f7bf55fffbffffff,f7bf55fffbffffff,0,0,0
916,410008002008000,410008006008000,0,0,0
917,400060000300800,400060000300020,0,0,0
918,d7c5b7fff6ffffff,97c5b7eff6ffffff,0,0,0
919,12026e98917e801d,12026e98917e801d,0,0,0
920,410008006008000,410008002008000,0,0,0
921,f7f5eeffdffffff7,f7f5eeffdffffff7,0,0,0
922,40000000c01200,40000000c00200,0,0,0
923,f5bf57fffbffffff,f7bf55fffbffffff,0,0,0
924,410008006008000,410008002008000,0,0,0
925,800020004300000,c00020000300000,0,0,0
926,d7c5b7fff6fdffff,d7c5b7fef6fdffff,0,0,0
927,92026e589176001c,12026e58917e801c,0,0,0
928,410028006008000,400008002008000,0,0,0
929,f7f5eeffcffffff7,f7f5eeffcffffff7,0,0,0
930,40000000401600,40000000c00600,0,0,0
931,f7bf57fffbffffff,f5bd55fffbffffff,0,0,0
932,410028006008000,400008002008000,0,0,0
933,440060004300000,400000000300000,0,0,0
934,d7c5b7eff6ffffff,97c5b6eff6ffffff,0,0,0
935,92026ed8917e801d,92026e58917e001d,0,0,0
936,410008002008000,410008002008000,0,0,0
937,77f5eeffcfffffd7,f7f5eeffcffffff7,0,0,0
938,40000000c01200,40000000c00200,0,0,0
939,f7bf55fffbffffff,f7bf55fffbffffff,0,0,0
940,410008002008000,410008002008000,0,0,0
941,440060004300000,c40000000300000,0,0,0
942,97c5b7fef6ffffff,d785b7eef6fdffff,0,0,0
943,f6c37fddbfffbd3f,f6c3ffddbfffb93d,0,0,0
944,411008006008000,410008006008000,0,0,0
945,f7f5eeffeffffff7,77f5eeffcffffff7,0,0,0
946,40020000401600,40020000c01600,0,0,0
947,f7bf55fffbffffff,f7bf55fffbffffff,0,0,0
948,411008006008000,410008006008000,0,0,0
949,20000100000,840020000300800,0,0,0
950,d7c5b7fff6ffffff,d7c5b7eff6ffffff,0,0,0
951,12026e189176001c,92026e18917e801c,0,0,0
952,410008006008000,410008006008000,0,0,0
953,77f5eefffffffff7,77f5eeffcffffff7,0,0,0
954,40000000400600,40000000c01600,0,0,0
955,f7bf55fffbffffff,f5bf57fffbffffff,0,0,0
956,410008006008000,410008006008000,0,0,0
957,400060000300800,c00020000300800,0,0,0
958,d7c5b7fff6fdffff,d785b7fff6fdffff,0,0,0
959,92026e189076801c,92026e189176801c,0,0,0
960,410008002008000,410008002008000,0,0,0
961,f7f5eeffeffffff7,f7f5eeffeffffff7,0,0,0
962,40000000400600,40000000c00600,0,0,0
963,f7bd57fffbffffff,f7bd55fffbffffff,0,0,0
964,410008002008000,410008002008000,0,0,0
965,840060000300800,800060000300000,0,0,0
966,d7c5b7fffeffffff,d7c597eff6ffffff,0,0,0
967,92026e189176801d,12026e18917e001c,0,0,0
968,410008006008000,410008002008000,0,0,0
969,77f5eeffeffffff7,77f5eeffeffffff7,0,0,0
970,40020000c00600,40000000c01200,0,0,0
971,f7bf55fffbffffff,f7bf55fffbffffff,0,0,0
972,410008006008000,410008002008000,0,0,0
973,c40060004100800,c00060004300000,0,0,0
974,97c5b7fff6ffffff,d7c5b7eff6ffffff,0,0,0
975,92026e18917e001c,92026e189176001c,0,0,0
976,410008006008000,410000002008000,0,0,0
977,f7f5eeffdffffff7,77f5feffcffffff7,0,0,0
978,40000000c00600,40000000001600,0,0,0
979,f7bf55fffbffffff,f7bd15bffbfffeff,0,0,0
980,410008006008000,410000002008000,0,0,0
981,c00060000300800,c00000000100000,0,0,0
982,d7c5b7fff6ffffff,d785b6ecf2ffffff,0,0,0
983,1000200800220000,1200200000220000,0,0,0
984,410028006008000,400008002008000,0,0,0
985,77f5eefffffffff7,77f5eeffeffffff7,0,0,0
986,40000000401600,40000000400600,0,0,0
987,f7bf57fffbffffff,f7bd55fffbffffff,0,0,0
988,410028006008000,400008002008000,0,0,0
989,440060000300820,60000100000,0,0,0
990,dfc5b7effeffffff,97c5b6eef6fdffff,0,0,0
991,12026e189176001c,120226188072001c,0,0,0
992,410008002008000,400008002008000,0,0,0
993,77f5eeffdffffff7,77f5eeffdffffff7,0,0,0
994,40000000c00200,40000000000200,0,0,0
995,f7bf55fffbffffff,f5bd55fffbffffff,0,0,0
996,410008002008000,400008002008000,0,0,0
997,60004300000,20000300000,0,0,0
998,d7c5b7fff6ffffff,97c5b7eff6ffffff,0,0,0
999,12026e189176001c,12026e18917e001c,0,0,0
1000,410008006508000,410008006008000,0,0,0
1001,f7f5e6ffeffffff7,77f5e6ffcffffff7,0,0,0
1002,40000000c01600,40000000400200,0,0,0
1003,f7bf55fffbffffff,f7bf55fffbffffff,0,0,0
1004,410008006508000,410008006008000,0,0,0
1005,c00020000300800,20000300000,0,0,0
1006,97c5b7fffeffffff,97c5b7eef2feffff,0,0,0
1007,12026e18917e001c,12026e18817e001c,0,0,0
1008,410008006008000,410008002008000,0,0,0
1009,f7f5feffeffffff7,77f5eeffeffffff7,0,0,0
1010,40000000401600,40000000401600,0,0,0
1011,f7bf57fffbffffff,f7be55fffbffffff,0,0,0
1012,410008006008000,410008002008000,0,0,0
1013,440060004300800,40020000300800,0,0,0
1014,d7c5b7fff6ffffff,d7c5b7eff6ffffff,0,0,0
1015,92026e18917e001c,12026e189176001c,0,0,0
1016,10008002108000,400000000008000,0,0,0
1017,fff5eeffcffffff7,77f5feffcffffff7,0,0,0
1018,40000000401600,40020000001600,0,0,0
1019,f7bf57fffbffffff,f7bd11ff7bfffeff,0,0,0
1020,10008002108000,400000000008000,0,0,0
1021,400020000300800,400000000000000,0,0,0
1022,d7c5b7eff6ffffff,9785b72cf2fcffff,0,0,0
1023,12026e18907e001c,12026c18107e001c,0,0,0
